<?xml version="1.0" encoding="UTF-8"?>
<root>
  <item name="com.marianhello.bgloc.service.LocationServiceIntentBuilder com.marianhello.bgloc.service.LocationServiceIntentBuilder setCommand(int) 0">
    <annotation name="androidx.annotation.IntDef">
      <val name="value" val="{com.marianhello.bgloc.service.CommandId.INVALID, com.marianhello.bgloc.service.CommandId.START, com.marianhello.bgloc.service.CommandId.START_FOREGROUND_SERVICE, com.marianhello.bgloc.service.CommandId.STOP, com.marianhello.bgloc.service.CommandId.STOP_FOREGROUND, com.marianhello.bgloc.service.CommandId.START_FOREGROUND, com.marianhello.bgloc.service.CommandId.CONFIGURE, com.marianhello.bgloc.service.CommandId.REGISTER_HEADLESS_TASK, com.marianhello.bgloc.service.CommandId.START_HEADLESS_TASK, com.marianhello.bgloc.service.CommandId.STOP_HEADLESS_TASK}" />
    </annotation>
  </item>
  <item name="com.marianhello.bgloc.service.LocationServiceIntentBuilder com.marianhello.bgloc.service.LocationServiceIntentBuilder setCommand(int, android.os.Parcelable) 0">
    <annotation name="androidx.annotation.IntDef">
      <val name="value" val="{com.marianhello.bgloc.service.CommandId.INVALID, com.marianhello.bgloc.service.CommandId.START, com.marianhello.bgloc.service.CommandId.START_FOREGROUND_SERVICE, com.marianhello.bgloc.service.CommandId.STOP, com.marianhello.bgloc.service.CommandId.STOP_FOREGROUND, com.marianhello.bgloc.service.CommandId.START_FOREGROUND, com.marianhello.bgloc.service.CommandId.CONFIGURE, com.marianhello.bgloc.service.CommandId.REGISTER_HEADLESS_TASK, com.marianhello.bgloc.service.CommandId.START_HEADLESS_TASK, com.marianhello.bgloc.service.CommandId.STOP_HEADLESS_TASK}" />
    </annotation>
  </item>
  <item name="com.marianhello.bgloc.service.LocationServiceIntentBuilder com.marianhello.bgloc.service.LocationServiceIntentBuilder setCommand(int, java.lang.String) 0">
    <annotation name="androidx.annotation.IntDef">
      <val name="value" val="{com.marianhello.bgloc.service.CommandId.INVALID, com.marianhello.bgloc.service.CommandId.START, com.marianhello.bgloc.service.CommandId.START_FOREGROUND_SERVICE, com.marianhello.bgloc.service.CommandId.STOP, com.marianhello.bgloc.service.CommandId.STOP_FOREGROUND, com.marianhello.bgloc.service.CommandId.START_FOREGROUND, com.marianhello.bgloc.service.CommandId.CONFIGURE, com.marianhello.bgloc.service.CommandId.REGISTER_HEADLESS_TASK, com.marianhello.bgloc.service.CommandId.START_HEADLESS_TASK, com.marianhello.bgloc.service.CommandId.STOP_HEADLESS_TASK}" />
    </annotation>
  </item>
  <item name="com.marianhello.bgloc.service.LocationServiceIntentBuilder.Command mCommandId">
    <annotation name="androidx.annotation.IntDef">
      <val name="value" val="{com.marianhello.bgloc.service.CommandId.INVALID, com.marianhello.bgloc.service.CommandId.START, com.marianhello.bgloc.service.CommandId.START_FOREGROUND_SERVICE, com.marianhello.bgloc.service.CommandId.STOP, com.marianhello.bgloc.service.CommandId.STOP_FOREGROUND, com.marianhello.bgloc.service.CommandId.START_FOREGROUND, com.marianhello.bgloc.service.CommandId.CONFIGURE, com.marianhello.bgloc.service.CommandId.REGISTER_HEADLESS_TASK, com.marianhello.bgloc.service.CommandId.START_HEADLESS_TASK, com.marianhello.bgloc.service.CommandId.STOP_HEADLESS_TASK}" />
    </annotation>
  </item>
</root>

